Species ,Country,Year ,Area,X,Y,Depth (m),Substrate,Individuals,Observation Type,Source 
Pterois miles,Lebanon,2012,Al Minie,34.490556,35.913056,,,,,"Bariche et al., 2013"
Pterois miles,Lebanon,2012,Al Minie,34.490556,35.913056,30,corraligenous bottom,,,"Bariche et al., 2013"
Pterois miles,Cyprus,2013,"Amathounta, Limassol",34.708123,33.137147,,,,,"Bariche et al., 2017"
Pterois miles,Lebanon,2013,Jounieh,34.003343,35.63062,,Rocky,1,,"Crocetta & Bariche,  in Dalianis et al., 2016"
Pterois miles,Lebanon,2013,Tripoli,34.436296,35.744914,,Rocky,1,,"Crocetta & Bariche,  in Dalianis et al., 2016"
Pterois miles,Cyprus,2013,Limassol,34.677406,33.052883,,,,,"Evripidou, 2013"
Pterois miles,Cyprus,2013,Xylophagou ,34.961372,33.820038,,,,,"Evripidou, 2013"
Pterois miles,Turkey,2014,"Kelda?, Hatay",35.95,35.92,8,,1,diving observations,"Bilge et al., 2017"
Pterois miles,Turkey,2014,"Adrasan, Antalya",36.21,30.41,22,,1,diving observations,"Bilge et al., 2017"
Pterois miles,Lebanon,2014,Beirut,33.887798,35.454385,-,Rocky,1,,"Crocetta & Bariche,  in Dalianis et al., 2016"
Pterois miles,Lebanon,2014,AUB wall,33.904784,35.48484,32,Rocky,2,,"Crocetta & Bariche,  in Dalianis et al., 2016"
Pterois miles,Lebanon,2014,AUB wall,33.904784,35.48484,30,Rocky,1,,"Crocetta & Bariche,  in Dalianis et al., 2016"
Pterois miles,Lebanon,2014,AUB wall,33.904784,35.48484,30,Rocky,1,,"Crocetta & Bariche,  in Dalianis et al., 2016"
Pterois miles,Lebanon,2014,AUB wall,33.904784,35.48484,27,Rocky,1,,"Crocetta & Bariche,  in Dalianis et al., 2016"
Pterois miles,Lebanon,2014,AUB wall,33.904784,35.48484,25,Rocky,3,,"Crocetta & Bariche,  in Dalianis et al., 2016"
Pterois miles,Lebanon,2014,AUB wall,33.904784,35.48484,28,Rocky,1,,"Crocetta & Bariche,  in Dalianis et al., 2016"
Pterois miles,Lebanon,2014,AUB wall,33.904784,35.48484,30,Rocky,1,,"Crocetta & Bariche,  in Dalianis et al., 2016"
Pterois miles,Lebanon,2014,AUB wall,33.904784,35.48484,30,Rocky,2,,"Crocetta & Bariche,  in Dalianis et al., 2016"
Pterois miles,Lebanon,2014,AUB wall,33.904784,35.48484,32,Rocky,1,,"Crocetta & Bariche,  in Dalianis et al., 2016"
Pterois miles,Lebanon,2014,AUB wall,33.904784,35.48484,24,Rocky,1,,"Crocetta & Bariche,  in Dalianis et al., 2016"
Pterois miles,Lebanon,2014,AUB wall,33.904784,35.48484,23,Rocky,1,,"Crocetta & Bariche,  in Dalianis et al., 2016"
Pterois miles,Lebanon,2014,AUB wall,33.905473,35.484831,25,Rocky,1,,"Crocetta & Bariche,  in Dalianis et al., 2016"
Pterois miles,Lebanon,2014,Beirut,33.905473,35.484831,30,Rocky,1,,"Crocetta & Bariche,  in Dalianis et al., 2016"
Pterois miles,Lebanon,2014,Batroun,34.101266,35.626613,22,Rocky,1,,"Crocetta & Bariche,  in Dalianis et al., 2016"
Pterois miles,Lebanon,2014,Byblos,34.130766,35.621434,37,Rocky,1,,"Crocetta & Bariche,  in Dalianis et al., 2016"
Pterois miles,Cyprus,2014,Limassol ,34.68,33.035833,,fishmarket,,,"Iglésias & Frotté, 2015"
Pterois miles,Cyprus,2014,Ormideia,34.97916667,33.7725,10,,2,,"Iglésias & Frotté, 2015"
Pterois miles,Cyprus,2014,Limassol Marina (external side of  wave breakers),34.665,33.04,15,Artificial hard ,,Freediving /Spearfishing ,"Kletou et al., 2016"
Pterois miles,Cyprus,2014,"Vasiliko Port (external side of wave breakers), Larnaca
",34.715,33.316667,5,Artificial hard ,,Freediving /Spearfishing ,"Kletou et al., 2016"
Pterois miles,Cyprus,2014,"Cape Kiti, Larnaca ",34.811667,33.605,10,natural hard,,Freediving /Spearfishing ,"Kletou et al., 2016"
Pterois miles,Cyprus,2014,"Cape Kiti, Larnaca ",34.826667,33.64,43,natural hard,,Freediving /Spearfishing ,"Kletou et al., 2016"
Pterois miles,Cyprus,2014,"2 km from Ayia Napa port towards Cape Greco, Famagusta
",34.973333,34.03,11,natural hard,,Freediving /Spearfishing ,"Kletou et al., 2016"
Pterois miles,Cyprus,2014,"Near Ayia Napa port, Famagusta",34.98,34.005,10,natural hard,,Freediving /Spearfishing,"Kletou et al., 2016"
Pterois miles,Turkey,2014,South Aegean Sea,36.267185,30.165245,,,1,Underwater observation ,medMIS
Pterois miles,Cyprus,2014,Cape Greco,34.96429,34.075346,,,,,"Panayiotis Yapatas, pers. Comm."
Pterois miles,Turkey,2014,Kas,36.192845,29.635135,,,,,"Turan & Ozturk, 2015"
Pterois miles,Turkey,2014,Demre,36.200577,29.965115,,,,,"Turan & Ozturk, 2015"
Pterois miles,Turkey,2014,"Gazipa?a, Antalya",36.21666667,32.31666667,,,,,"Turan & Ozturk, 2015"
Pterois miles,Turkey,2014,Kemer,36.604504,30.567055,,,,,"Turan & Ozturk, 2015"
Pterois miles,Turkey,2014,Antalya,36.833333,30.916667,,,,,"Turan & Ozturk, 2015"
Pterois miles,Turkey,2014,Iskenderun bay,36.26957,35.747452,25,rocky bottom,1,,"Turan et al., 2014"
Pterois miles,Syria,2015,Jableh,35.34325,35.890789,50,sandy bottom,,trawler,"Ali et al., 2016"
Pterois miles,Syria,2015,Lattakia,35.436476,35.858087,50,sandy bottom,,trawler,"Ali et al., 2016"
Pterois miles,Lebanon,2015,Batroun,34.251309,35.652312,,,,,"Bariche et al., 2017"
Pterois miles,Turkey,2015,"Ka?, Antalya",36.19,29.64,,,1,diving observations,"Bilge et al., 2017"
Pterois miles,Turkey,2015,"Ka?, Antalya",36.19,29.64,,,1,diving observations,"Bilge et al., 2017"
Pterois miles,Turkey,2015,"Ka?, Antalya",36.19,29.64,4,,1,diving observations,"Bilge et al., 2017"
Pterois miles,Turkey,2015,"Ka?, Antalya",36.19,29.64,,,1,diving observations,"Bilge et al., 2017"
Pterois miles,Turkey,2015,"Ka?, Antalya",36.19,29.64,10,,1,diving observations,"Bilge et al., 2017"
Pterois miles,Turkey,2015,"Gazipa?a, Antalya",36.21666667,32.31666667,,,1,diving observations,"Bilge et al., 2017"
Pterois miles,Turkey,2015,"Kalkan, Antalya",36.25,29.41,18,,1,diving observations,"Bilge et al., 2017"
Pterois miles,Turkey,2015,"Adrasan, Antalya",36.21,30.47,5,,1,diving observations,"Bilge et al., 2017"
Pterois miles,Turkey,2015,"Adrasan, Antalya",36.21,30.47,12,,1,diving observations,"Bilge et al., 2017"
Pterois miles,Lebanon,2015,AUB wall,33.904784,35.48484,28,Rocky,1,,"Crocetta & Bariche,  in Dalianis et al., 2016"
Pterois miles,Lebanon,2015,AUB wall,33.904784,35.48484,28,Rocky,1,,"Crocetta & Bariche,  in Dalianis et al., 2016"
Pterois miles,Lebanon,2015,AUB wall,33.904784,35.48484,28,Rocky,1,,"Crocetta & Bariche,  in Dalianis et al., 2016"
Pterois miles,Lebanon,2015,AUB wall,33.904784,35.48484,30,Rocky,1,,"Crocetta & Bariche,  in Dalianis et al., 2016"
Pterois miles,Lebanon,2015,AUB wall,33.904784,35.48484,27,Rocky,1,,"Crocetta & Bariche,  in Dalianis et al., 2016"
Pterois miles,Lebanon,2015,AUB wall,33.904784,35.48484,27,Rocky,1,,"Crocetta & Bariche,  in Dalianis et al., 2016"
Pterois miles,Lebanon,2015,AUB wall,33.904784,35.48484,28,Rocky,1,,"Crocetta & Bariche,  in Dalianis et al., 2016"
Pterois miles,Lebanon,2015,AUB wall,33.904784,35.48484,25,Rocky,1,,"Crocetta & Bariche,  in Dalianis et al., 2016"
Pterois miles,Lebanon,2015,AUB wall,33.904784,35.48484,31,Rocky,1,,"Crocetta & Bariche,  in Dalianis et al., 2016"
Pterois miles,Lebanon,2015,AUB wall,33.904784,35.48484,32,Rocky,1,,"Crocetta & Bariche,  in Dalianis et al., 2016"
Pterois miles,Lebanon,2015,AUB wall,33.904784,35.48484,30,Rocky,1,,"Crocetta & Bariche,  in Dalianis et al., 2016"
Pterois miles,Lebanon,2015,AUB wall,33.904784,35.48484,25,Rocky,1,,"Crocetta & Bariche,  in Dalianis et al., 2016"
Pterois miles,Lebanon,2015,AUB wall,33.905473,35.484831,30,Rocky,1,,"Crocetta & Bariche,  in Dalianis et al., 2016"
Pterois miles,Lebanon,2015,Beirut,33.905473,35.484831,28,Rocky,1,,"Crocetta & Bariche,  in Dalianis et al., 2016"
Pterois miles,Lebanon,2015,Beirut,33.905473,35.484831,25,Rocky,1,,"Crocetta & Bariche,  in Dalianis et al., 2016"
Pterois miles,Lebanon,2015,Beirut,33.905473,35.484831,28,Rocky,1,,"Crocetta & Bariche,  in Dalianis et al., 2016"
Pterois miles,Lebanon,2015,Beirut,33.905473,35.484831,21,Rocky,2,,"Crocetta & Bariche,  in Dalianis et al., 2016"
Pterois miles,Lebanon,2015,Beirut,33.913003,35.521232,15,Rocky,1,,"Crocetta & Bariche,  in Dalianis et al., 2016"
Pterois miles,Lebanon,2015,Dbayeh,33.965851,35.548957,20,Rocky,1,,"Crocetta & Bariche,  in Dalianis et al., 2016"
Pterois miles,Lebanon,2015,Tabarja,34.024494,35.606942,32,Rocky,1,,"Crocetta & Bariche,  in Dalianis et al., 2016"
Pterois miles,Lebanon,2015,Tabarja,34.030281,35.604876,,Rocky,1,,"Crocetta & Bariche,  in Dalianis et al., 2016"
Pterois miles,Lebanon,2015,Byblos,34.117564,35.633841,25,Rocky,1,,"Crocetta & Bariche,  in Dalianis et al., 2016"
Pterois miles,Lebanon,2015,Batroun,34.244077,35.650418,35,Rocky,1,,"Crocetta & Bariche,  in Dalianis et al., 2016"
Pterois miles,Lebanon,2015,Palm island,34.485139,35.763418,12,Rocky,1,,"Crocetta & Bariche,  in Dalianis et al., 2016"
Pterois miles,Cyprus,2015,Cyprus,35.357729,33.297388,,,1,Fishing and observations,"Jimenez et al., 2016"
Pterois miles,Cyprus,2015,Cyprus,35.374263,33.185753,,,1,Fishing and observations,"Jimenez et al., 2016"
Pterois miles,Cyprus,2015,Cyprus,35.542701,34.109778,,,1,Fishing and observations,"Jimenez et al., 2016"
Pterois miles,Cyprus,2015,Cyprus,35.654355,34.415427,,,1,Fishing and observations,"Jimenez et al., 2016"
Pterois miles,Cyprus,2015,"Akrotiri, Limassol",34.55,33.016667,13,natural hard,,Freediving /Spearfishing ,"Kletou et al., 2016"
Pterois miles,Cyprus,2015,"Vasiliko Port (external side of wave breakers), Larnaca
",34.715,33.316667,14,Artificial hard ,,Freediving /Spearfishing ,"Kletou et al., 2016"
Pterois miles,Cyprus,2015,"Zenovia wreck, Larnaca ",34.883333,33.658333,20,wreck,,"Recreational scuba diving
","Kletou et al., 2016"
Pterois miles,Cyprus,2015,"Alexandria Wreck, Larnaca
",34.893333,33.653333,30,wreck,,"Recreational scuba diving
","Kletou et al., 2016"
Pterois miles,Cyprus,2015,"Zenovia wreck, Larnaca ",34.896667,33.658333,20,wreck,,"Recreational scuba diving
","Kletou et al., 2016"
Pterois miles,Cyprus,2015,"Zenovia wreck, Larnaca ",34.896667,33.658333,22,wreck,,"Recreational scuba diving
","Kletou et al., 2016"
Pterois miles,Cyprus,2015,"Larnaca port, oil pipe line",34.936667,33.65,16,Pipeline,,Freediving /Spearfishing ,"Kletou et al., 2016"
Pterois miles,Cyprus,2015,"Xylofagou, Larnaca ",34.945,32.836667,14,natural hard,,"Recreational scuba diving
","Kletou et al., 2016"
Pterois miles,Cyprus,2015,"Cape Greco, Famagusta",34.961667,34.073333,10,natural hard,,"Recreational scuba diving
","Kletou et al., 2016"
Pterois miles,Cyprus,2015,"Cyclops Caves, Protaras, Famagusta
",34.985,34.076667,14,natural hard,,"Recreational scuba diving
","Kletou et al., 2016"
Pterois miles,Cyprus,2015,"Cyclops Caves, Protaras, Famagusta
",34.985,34.076667,13,natural hard,,"Recreational scuba diving
","Kletou et al., 2016"
Pterois miles,Cyprus,2015,"Cyclops Caves, Protaras, Famagusta
",34.985,34.076667,14,natural hard,,"Recreational scuba diving
","Kletou et al., 2016"
Pterois miles,Cyprus,2015,"Cyclops Caves, Protaras, Famagusta
",34.985,34.076667,9,natural hard,,"Recreational scuba diving
","Kletou et al., 2016"
Pterois miles,Cyprus,2015,"Cyclops Caves, Protaras, Famagusta
",34.985,34.076667,14,natural hard,,"Recreational scuba diving
","Kletou et al., 2016"
Pterois miles,Cyprus,2015,"Konnos Bay, Protaras, Famagusta
",34.988333,34.078333,12,natural hard,,"Recreational scuba diving
","Kletou et al., 2016"
Pterois miles,Cyprus,2015,"Green Bay, Protaras, Famagusta
",35.001667,34.068333,4,natural hard,,"Recreational scuba diving
","Kletou et al., 2016"
Pterois miles,Cyprus,2015,"Green Bay, Protaras, Famagusta
",35.001667,34.068333,12,natural hard,,"Recreational scuba diving
","Kletou et al., 2016"
Pterois miles,Cyprus,2015,"Green Bay, Protaras, Famagusta
",35.001667,34.068333,4,natural hard,,"Recreational scuba diving
","Kletou et al., 2016"
Pterois miles,Turkey,2015,South Aegean Sea,36.12669,29.684785,,,1,Underwater observation ,medMIS
Pterois miles,Turkey,2015,South Aegean Sea,36.145239,29.651255,,,1,Underwater observation ,medMIS
Pterois miles,Turkey,2015,South Aegean Sea,36.149039,33.663903,,,1,Underwater observation ,medMIS
Pterois miles,Turkey,2015,South Aegean Sea,36.168904,29.630391,,,1,Underwater observation ,medMIS
Pterois miles,Turkey,2015,South Aegean Sea,36.368351,34.126857,,,1,Underwater observation ,medMIS
Pterois miles,Turkey,2015,South Aegean Sea,36.437572,34.306333,,,1,Underwater observation ,medMIS
Pterois miles,Turkey,2015,South Aegean Sea,36.518172,32.021814,,,1,Underwater observation ,medMIS
Pterois miles,Turkey,2015,South Aegean Sea,36.776034,28.582734,,,1,Underwater observation ,medMIS
Pterois miles,Turkey,2015,South Aegean Sea,36.805087,30.680346,,,1,Underwater observation ,medMIS
Pterois miles,Turkey,2015,South Aegean Sea,36.812101,30.689208,,,1,Underwater observation ,medMIS
Pterois miles,Turkey,2015,South Aegean Sea,36.840377,30.874283,,,1,Underwater observation ,medMIS
Pterois miles,Turkey,2015,South Aegean Sea,38.434523,27.100619,,,1,Underwater observation ,medMIS
Pterois miles,Lebanon,2015,AUB,33.903556,35.482131,,,,,Facebook
Pterois miles,Cyprus,2015,"Sipahikoy in Karpas, N Cyprus",35.560539,34.224759,40,rocky bottom,1,,"Oray et al., 2015"
Pterois miles ,Tunisia,2015,Haouaria (Cape Bon),37.061323,10.995713,2,very shallow waters,1,,"Ounifi Ben Amor & Ghanem,  in Dalianis et al., 2016"
Pterois miles ,Tunisia,2015,Zembra isl. ,37.1046,10.8797,5,very shallow waters,1,gillnet,"Ounifi Ben Amor & Ghanem,  in Dalianis et al., 2016"
Pterois miles,Israel ,2015,Israel ,31.996449,34.7015,,,1,,"Stern et al., 2018"
Pterois miles,Israel ,2015,Israel ,32.149223,34.719873,,,1,,"Stern et al., 2018"
Pterois miles,Israel ,2015,Israel ,32.841531,35.034412,,,1,,"Stern et al., 2018"
Pterois miles,Turkey,2015,Fethiye,36.644444,29.091667,,,,,"Turan & Ozturk, 2015"
Pterois miles,Turkey,2015,Dalyan,36.796365,28.595139,,,,,"Turan & Ozturk, 2015"
Pterois miles ,Turkey,2015,Ye?ilovac?k Bay-Mersin bay,36.128,33.562683,110,,1,,"Yaglioglu & Aya?, 2016"
Pterois miles,Greece,2015,Rodos: Plimmiri,35.9194,27.8566,,,1,scuba diving,"Corsini & Condylatos, 2015 in Crocetta et al, 2015"
Pterois miles,Greece,2015,Rodos: Kallithea,36.3855,28.2458,7,sandy bottom,1,scuba diving,"Corsini & Condylatos, 2015 in Crocetta et al, 2015"
Pterois miles,Greece,2015,Rodos: Psaropoula,36.4539,28.2181,2,,1,,"Corsini & Condylatos, 2015 in Crocetta et al, 2015"
Pterois miles,Greece,2015,Rodos: Kolonna Port,36.444293,28.23017,,,1,,ELNAIS
Pterois miles,Greece,2015,Rodos: Kallithea,36.3855,28.2458,5,,1,nderwater photos ,ELNAIS
Pterois miles,Greece,2015,Kriti: off Kavo Sidero (NE Kriti),35.317778,26.328056,,,2,,"Stergioti in Dailanis et al., 2016"
Pterois miles ,Italy,2016,Vendicari-Sicily,36.819544,15.108053,3.5,"sand,rocks,on C.taxifolia",1,scuba diving,"Azzurro et al., 2017"
Pterois miles,Cyprus,2016,"Akrotiri bay, Limassol",34.56656,32.994844,,,,,"Bariche et al., 2017"
Pterois miles,Cyprus,2016,"Zygi, Limassol",34.725891,33.341349,,,,,"Bariche et al., 2017"
Pterois miles,Cyprus,2016,"Protaras, Famagusta",35.01361,34.062597,,,,,"Bariche et al., 2017"
Pterois miles,Lebanon,2016,Beirut ,33.854274,35.370299,,,4,Nets/Spear-fishing,"Bariche et al., 2017"
Pterois miles,Lebanon,2016,Beirut,33.915193,35.485868,,,,,"Bariche et al., 2017"
Pterois miles,Turkey,2016,"Kemer, Antalya",35.53,30.56,,,1,diving observations,"Bilge et al., 2017"
Pterois miles,Turkey,2016,"Kemer, Antalya",35.53,30.56,21,,1,diving observations,"Bilge et al., 2017"
Pterois miles,Turkey,2016,"Kemer, Antalya",35.53,30.56,,,1,diving observations,"Bilge et al., 2017"
Pterois miles,Turkey,2016,"Ka?, Antalya",36.19,29.64,30,,1,diving observations,"Bilge et al., 2017"
Pterois miles,Turkey,2016,"Ka?, Antalya",36.19,29.64,17,,1,diving observations,"Bilge et al., 2017"
Pterois miles,Turkey,2016,"Ka?, Antalya",36.19,29.64,16,,1,diving observations,"Bilge et al., 2017"
Pterois miles,Turkey,2016,"Kalkan, Antalya",36.25,29.41,8,,1,diving observations,"Bilge et al., 2017"
Pterois miles,Turkey,2016,"Adrasan, Antalya",36.21,30.47,,,1,diving observations,"Bilge et al., 2017"
Pterois miles,Turkey,2016,"Fethiye, Mu?la",36.644444,29.091667,,,1,diving observations,"Bilge et al., 2017"
Pterois miles,Turkey,2016,"Dalyan, Mu?la",36.796365,28.595139,,,1,diving observations,"Bilge et al., 2017"
Pterois miles ,Turkey,2016,Arsuz coast,36.44277778,35.82972222,30,rocky/sandy bottom,1,,"Gürlek et al., 2016"
Pterois miles,Turkey,2016,South Aegean Sea,36.13167,29.772205,,,1,Underwater observation ,medMIS
Pterois miles,Turkey,2016,South Aegean Sea,36.261161,32.265133,,,1,Underwater observation ,medMIS
Pterois miles,Turkey,2016,South Aegean Sea,36.456056,30.54633,,,1,Underwater observation ,medMIS
Pterois miles,Turkey,2016,South Aegean Sea,36.460237,30.549055,,,1,Underwater observation ,medMIS
Pterois miles,Turkey,2016,South Aegean Sea,36.601554,30.608133,,,1,Underwater observation ,medMIS
Pterois miles,Turkey,2016,South Aegean Sea,36.769627,31.380095,,,1,Underwater observation ,medMIS
Pterois miles,Turkey,2016,South Aegean Sea,36.801764,28.549206,,,1,Underwater observation ,medMIS
Pterois miles,Lebanon,2016,Batroun-Medfoun,34.265333,35.6365,40,"wreck, rock, gravel",,fish visual census,"SPA/RAC–UN Environment/MAP, 2017"
Pterois miles,Lebanon,2016,Batroun-6-1,34.275133,35.634167,50,"Rock, coralligenous, cave",,fish visual census,"SPA/RAC–UN Environment/MAP, 2017"
Pterois miles,Lebanon,2016,Batroun-6-2,34.275133,35.634167,50,"Rock, coralligenous, cave",,"scuba diving, fish visual census","SPA/RAC–UN Environment/MAP, 2017"
Pterois miles,Israel ,2016,Israel ,33.029308,35.053163,,,2,,"Stern et al., 2018"
Pterois miles,Greece,2016,Rodos isl.,36.094735,28.107226,,,,,"Bariche et al., 2017"
Pterois miles,Greece,2016,Rodos: Plimmiri,35.9194,27.8566,10,rocky bottom,1,,ELNAIS
Pterois miles,Greece,2016,Rodos: Lindos,36.094828,28.086814,,,1,gill nets,ELNAIS
Pterois miles,Greece,2016,Rodos: Akandia,36.44388889,28.23722222,,,1,gill nets,ELNAIS
Pterois miles,Greece,2016,Rodos: Lindos,36.094828,28.086814,,,1,gill nets,ELNAIS
Pterois miles,Greece,2016,Rodos: Karakonero,36.425659,28.233444,,,1,fishing rod,ELNAIS
Pterois miles,Greece,2016,"Symi isl., Pedi",36.61593,27.857487,5,,1,underwater observation,ELNAIS
Pterois miles,Greece,2016,Rodos: Faliraki,36.333107,28.209477,10,rocky bottom,1,gill nets,ELNAIS
Pterois miles,Greece,2016,Rodos: Lindos,36.09725,28.091399,15,,,Recreational fisher,"Giovos et al., 2018"
Pterois miles,Greece,2016,Ionian Sea,36.797665,21.961816,7,Rocky,2,,iSea
Pterois miles,Greece,2016,Karpathos Island,35.469379,27.195089,,,2,Underwater photography with Scuba Dive,iSea
Pterois miles,Greece,2016,Rodos: Pefkoi,36.061653,28.050106,4,,1,Spearfisherman,"iSea/Giovos et al., 2018"
Pterois miles,Greece,2016,Kastellorizo isl.,36.149603,29.590371,,,,,M Corsini pers. Comm.
Pterois miles,Greece,2016,South Aegean Sea,35.511394,27.224341,,,1,,medMIS
Pterois miles,Greece,2016,South Aegean Sea,36.975267,25.129151,,,1,,medMIS
Pterois miles,Greece,2016,"Karpathos isl., Achata",35.558324,27.205599,17,,1,,"Poursanidis & Makris in Mytilineou et al., 2016"
Pterois miles,Greece,2016,"Karpathos isl., Kastellia ",35.472554,27.194489,9,,1,,"Poursanidis & Makris in Mytilineou et al., 2016"
Pterois miles,Greece,2016,Karpathos: Agios Petros ,35.509998,27.22555,16,,1,,"Poursanidis & Makris in Mytilineou et al., 2016"
Pterois miles,Greece,2016,Kriti: 2.5 nm off the coast of Kouremenos bay,35.202222,26.301944,33,rocky bottom,1,,"Stergioti in Dailanis et al., 2016"
Pterois miles,Greece,2016,"Kriti: Agios Panteleimonas, between Makrys Gialos and Koutsouras ",35.015833,25.946667,,,,,"Stergioti in Dailanis et al., 2016"
Pterois miles,Turkey,2017,South Aegean Sea,36.38358,35.794445,,,1,Fishing," Özgür Özbek et al., 2017"
Pterois miles,Turkey,2017,South Aegean Sea,36.510498,35.381719,,,1,Fishing," Özgür Özbek et al., 2017"
Pterois miles,Turkey,2017,South Aegean Sea,36.574529,30.624508,,,8,Spearfishing," Özgür Özbek et al., 2017"
Pterois miles,Turkey,2017,South Aegean Sea,36.659637,35.693683,,,1,Fishing," Özgür Özbek et al., 2017"
Pterois miles,Turkey,2017,South Aegean Sea,36.720394,34.68211,,,1,Fishing," Özgür Özbek et al., 2017"
Pterois miles,Turkey,2017,South Aegean Sea,36.728943,36.140292,,,1,Fishing," Özgür Özbek et al., 2017"
Pterois miles,Syria,2017,Lattakia,35.65,35.766667,25,rocky bottom,1,,"Ali et al., 2017"
Pterois miles,Cyprus,2017,"Akrotiri, Lemesos",34.592361,33.027638,24,Spear-fishing,1,,iSea
Pterois miles,Cyprus,2017,Cyprus,34.600073,33.111186,9,Rocky,1,,iSea
Pterois miles,Cyprus,2017,Larnaca,34.864513,33.65049,,,1,Underwater photography with Scuba Dive,iSea
Pterois miles,Cyprus,2017,"Kapparis, Protatas",34.959992,34.060438,2.5,Spear-fishing,1,Spear-fishing,iSea
Pterois miles,Cyprus,2017,Kavo Greco,34.961352,34.063315,,,1,Underwater photography with Scuba Dive,iSea
Pterois miles,Cyprus,2017,Protaras,34.962666,34.072823,10,,4,Spear-fishing,iSea
Pterois miles,Cyprus,2017,Cape Greco,34.965143,34.089329,4,,2,Underwater Photography with Free Dive,iSea
Pterois miles,Cyprus,2017,Pernera Beach Ayia Napa ,34.98121,33.982478,4,,5,Underwater photography with Scuba Dive,iSea
Pterois miles,Cyprus,2017,"konnos, Protatas",34.982906,34.07016,6,,1,Underwater Photography with Free Dive,iSea
Pterois miles,Cyprus,2017,Elvis Rock-Cyclops,34.985971,34.076656,14,,2,Underwater photography with Scuba Dive,iSea
Pterois miles,Cyprus,2017,Cyprus,35.040875,32.395922,0,Muddy,1,Stranded dead,iSea
Pterois miles,Cyprus,2017,"Kapari, dipla apo Malama Beach",35.055974,34.017986,3,,1,Spear-fishing,iSea
Pterois miles,Turkey,2017,South Aegean Sea,36.302512,33.902462,,,1,Underwater observation ,medMIS
Pterois miles,Turkey,2017,South Aegean Sea,36.596108,30.602684,,,1,Underwater observation ,medMIS
Pterois miles,Israel ,2017,Israel ,32.149223,34.719873,,,1,,"Stern et al., 2018"
Pterois miles,Israel ,2017,Israel ,33.029308,35.053163,,,11,,"Stern et al., 2018"
Pterois miles,Greece,2017,Rodos: Trianda,36.423594,28.191172,,,2,,ELNAIS
Pterois miles,Greece,2017,Rodos: Kamiros,36.350013,27.906101,,,3,,ELNAIS
Pterois miles,Greece,2017,Rodos: Faliraki,36.333107,28.209477,,,,,ELNAIS
Pterois miles,Greece,2017,Rodos: Zefiros Beach,36.429311,28.235335,,,,,ELNAIS
Pterois miles,Greece,2017,Rodos: Kiotari,36.042562,27.970541,4,,1,Spearfisherman,ELNAIS
Pterois miles,Greece,2017,South Aegean Sea,35.459312,27.210855,,,1,,ELNAIS
Pterois miles,Greece,2017,Nisyros isl.,36.616934,27.155145,5,,,,ELNAIS
Pterois miles,Greece,2017,Nisyros isl.,36.579666,27.097734,,,,Fisherman,ELNAIS
Pterois miles,Greece,2017,Kriti: Chania,35.521888,24.01753,,,,,ELNAIS
Pterois miles,Greece,2017,"Karpathos isl., Volaka",35.635881,27.498236,6,,1,Nets,ELNAIS
Pterois miles,Greece,2017,"Patmos isl., Netia ",37.329471,26.546261,,,,,ELNAIS
Pterois miles,Greece,2017,Rodos: Haraki beach,36.165959,28.094963,,,5,underwater observation,ELNAIS
Pterois miles,Greece,2017,Rodos: Zefyros,36.429311,28.235335,7,,,Scuba diving,ELNAIS
Pterois miles,Greece,2017,Rodos: Kallithea,36.3855,28.2458,,,1,underwater observation,ELNAIS
Pterois miles,Greece,2017,Astypalaia: Agios Vasileios,36.548431,26.35356,3,,2,,ELNAIS
Pterois miles,Greece,2017,Rodos: Vlicha,36.109588,28.067618,,,,,ELNAIS
Pterois miles,Greece,2017,Kriti: Xerokampos Siteias,35.047822,26.238753,,,,,ELNAIS
Pterois miles,Greece,2017,"Karpathos isl., Agios Minas",35.690039,27.190781,,,1,,ELNAIS
Pterois miles,Greece,2017,Rodos: Kalathos,36.124496,28.070892,7,,1,,ELNAIS
Pterois miles,Greece,2017,Symi,36.58986,27.8358,,,1,spearfishing,"Erik Starendal, pers.com"
Pterois miles,Greece,2017,Chalki ,36.227947,27.625076,10,,1,Scuba diver,"Giovos et al., 2018"
Pterois miles,Greece,2017,Tilos,36.406175,27.452644,20,,,Scuba diver,"Giovos et al., 2018"
Pterois miles,Greece,2017,Kriti: Ammoudi beach,35.191942,24.143457,,,,Recreational fisher,"Giovos et al., 2018"
Pterois miles,Greece,2017,Kriti: Kala Limania Beach,34.930485,24.802379,2,,,Spearfisherman ,"Giovos et al., 2018"
Pterois miles,Greece,2017,Rodos: Lindos,36.087409,28.088405,4,,,Spearfisherman ,"Giovos et al., 2018"
Pterois miles,Greece,2017,Rodos: Pefkoi,36.070524,28.047214,4,,,Spearfisherman ,"Giovos et al., 2018"
Pterois miles,Greece,2017,Rodos: Agathi Beach,36.173128,28.105036,3,,,Recreational fisher,"Giovos et al., 2018"
Pterois miles,Greece,2017,Karpathos:  Diakofti Beach,35.40749,27.153068,3,,,Underwater Photographer ,"Giovos et al., 2018"
Pterois miles,Greece,2017,Rodos: Lindos,36.095768,28.09045,15,,,Recreational fisher,"Giovos et al., 2018"
Pterois miles,Greece,2017,Rodos: Kallithea,36.379719,28.239012,4,,,Spearfisherman ,"Giovos et al., 2018"
Pterois miles,Greece,2017,Kriti: Plakias Beach,35.179617,24.395664,,,,scuba diver,"Giovos et al., 2018"
Pterois miles,Greece,2017,Kriti: Koufonisi Siteias,34.92402,26.128635,,,,Spearfisherman ,"Giovos et al., 2018"
Pterois miles,Greece,2017,"Karpathos isl., Kastellia ",35.469379,27.195089,9,,,scuba diver,"Giovos et al., 2018"
Pterois miles,Greece,2017,Rodos: Kallithea,36.378871,28.241711,,,,Spearfisherman,"Giovos et al., 2018"
Pterois miles,Greece,2017,Kriti: treis ekklisies,34.953254,25.137108,4,,,Spearfisherman ,"Giovos et al., 2018"
Pterois miles,Greece,2017,Kriti: Schinaria Beach,35.164958,24.415054,20,,,scuba diver,"Giovos et al., 2018"
Pterois miles,Greece,2017,Rodos: Kiotari,36.042562,27.970541,4,,,Spearfisherman,"Giovos et al., 2018"
Pterois miles,Greece,2017,Kriti: Athrinolakos. Siteia,35.006451,26.141408,,,,Spearfisherman ,"Giovos et al., 2018"
Pterois miles,Greece,2017,Rodos: Ladiko,36.318979,28.206942,5,,,Underwater Photographer ,"Giovos et al., 2018"
Pterois miles,Greece,2017,Rodos: Ladiko,36.319205,28.208332,6,,,Underwater Photographer ,"Giovos et al., 2018"
Pterois miles,Greece,2017,Rodos: Ladiko,36.320292,28.207243,25,,3,Scuba diver,"Giovos et al., 2018"
Pterois miles,Greece,2017,Kos: Lakos. Kardamena,36.811629,27.182363,24,,,Spearfisherman,"Giovos et al., 2018"
Pterois miles,Greece,2017,"Kalymnos, Telendos",37.01294,26.91812,,,,scuba diver,"Giovos et al., 2018"
Pterois miles,Greece,2017,Kriti: Fragokastelo. Sfakia,35.179752,24.227789,,,,Spearfisherman,"Giovos et al., 2018"
Pterois miles,Greece,2017,Kriti: Nea Myrtos. Ierapetra,34.997229,25.581359,20,,1,Recreational fisher,"Giovos et al., 2018"
Pterois miles,Greece,2017,Dodecanese islands,36.317663,28.208233,4,,1,,iSea
Pterois miles,Greece,2017,Kriti,35.187566,24.390316,,,1,,iSea
Pterois miles,Greece,2017,Kriti,35.205739,26.120299,,,2,,iSea
Pterois miles,Greece,2017,Kriti,34.930485,24.802379,2,,1,,iSea
Pterois miles,Greece,2017,Dodecanese islands,37.288954,26.729437,5,Rocky,1,,iSea
Pterois miles,Greece,2017,Kriti,35.008553,26.146878,,,1,,iSea
Pterois miles,Greece,2017,Dodecanese islands,36.379719,28.239012,3,,2,,iSea
Pterois miles,Greece,2017,Dodecanese islands,36.096517,28.086036,2,,1,,iSea
Pterois miles,Greece,2017,Kriti,35.19185,24.074731,17,Rocky,1,,iSea
Pterois miles,Greece,2017,Kriti,35.007699,26.151937,,,1,,iSea
Pterois miles,Greece,2017,Kriti,35.176068,24.234275,,,1,,iSea
Pterois miles,Greece,2017,Kriti,35.195821,24.127259,,,1,,iSea
Pterois miles,Greece,2017,Dodecanese islands,36.585408,26.423975,,Rocky,1,,iSea
Pterois miles,Greece,2017,Dodecanese islands,36.935349,26.920737,6,Rocky,1,,iSea
Pterois miles,Greece,2017,"Kriti: Karavos-Kalypso Beach, Plakias, Lyviko, Rethymno",35.171868,24.401393,3,,1,Underwater photography with Scuba Dive,iSea
Pterois miles,Greece,2017,Rodos: Pefkos,36.379768,28.238998,4,,2,Underwater Photography with Free Dive,iSea
Pterois miles,Greece,2017,"Kriti: Damnoni, Rethymno",35.170721,24.412027,8,,1,Underwater photography with Scuba Dive,iSea
Pterois miles,Greece,2017,Chrissi island,35.002203,25.732321,6,,1,Spear-fishing,iSea
Pterois miles,Greece,2017,Kriti: Athrinolakos. Siteia,35.009141,26.149658,7,,1,Underwater Photography with Free Dive,iSea
Pterois miles,Greece,2017,Kriti: kalypso fjord,35.172151,24.400634,28,,1,Underwater photography with Scuba Dive,iSea
Pterois miles,Greece,2017,Karpathos,35.447523,27.16204,,,1,Underwater photography with Scuba Dive,iSea
Pterois miles,Greece,2017,Rodos,36.46807,28.129896,13,Rocky,6,Spear-fishing,iSea
Pterois miles,Greece,2017,Kriti: Plakias Beach,35.187085,24.390978,4,,1,Underwater Photographer ,"iSea/Giovos et al., 2018"
Pterois miles,Greece,2017,Kriti:  Kalypso Bay,35.171868,24.401393,5,,,Scuba diver,"iSea/Giovos et al., 2018"
Pterois miles,Greece,2017,Kriti: Plakias Beach,35.176425,24.392863,8,,2,Vet ,"iSea/Giovos et al., 2018"
Pterois miles,Greece,2017,Kos: Kefalos,36.720066,26.983918,8,,1,Professional fisherman ,"iSea/Giovos et al., 2018"
Pterois miles,Greece,2017,Kos: Psalidi,36.890295,27.331688,12.5,,,Scuba diver,"iSea/Giovos et al., 2018"
Pterois miles,Greece,2017,Dodecanese islands,35.40749,27.153068,3,,1,,"iSea/Giovos et al., 2018"
Pterois miles,Greece,2017,Dodecanese islands,35.604653,27.160267,2,,1,,"iSea/Giovos et al., 2018"
Pterois miles,Greece,2017,Kriti:  ??????? ?????????? ??? ????????,,,,,,,Newspaper
Pterois miles,Greece,2017,Patmos: Etia,37.20087,26.32351,4,reef,1,spearfishing,"Phil, Pers.com"
Pterois miles,Greece,2017,Symi isl.,36.556401,27.820466,,,1,,Zachariou-Malinga pers. Comm.
Pterois miles,Greece,2017,Kriti: Prasonisia,35.474171,22.9985862,,,1,,ELNAIS
Pterois miles,Cyprus,2018,????????,34.648754,32.727848,,Rocky,1,Underwater photography with Scuba Dive,iSea
Pterois miles,Cyprus,2018,Episkopi,34.665026,32.8765,9,Rocky,2,Underwater Photography with Free Dive,iSea
Pterois miles,Cyprus,2018,Cyprus,34.8894,33.6508,15,,1,Underwater photography with Scuba Dive,iSea
Pterois miles,Cyprus,2018,Cyprus,34.8894,33.6508,26,,1,Underwater photography with Scuba Dive,iSea
Pterois miles,Cyprus,2018,Cyprus,34.8894,33.6508,24,,1,Underwater photography with Scuba Dive,iSea
Pterois miles,Cyprus,2018,Xylofagou,34.962517,33.822753,13,Underwater caves and rock slits,1,Underwater photography with Scuba Dive,iSea
Pterois miles,Cyprus,2018,Cyprus,34.981064,33.731378,2.5,,1,Shore base fishing,iSea
Pterois miles,Cyprus,2018,Cyprus,34.981598,33.741605,2.5,Rocky,1,Shore base fishing,iSea
Pterois miles,Cyprus,2018,"Konnos, Cape Greko",34.983663,34.071863,15,Underwater caves and rock slits,1,Underwater photography with Scuba Dive,iSea
Pterois miles,Cyprus,2018,"Liopetri, Cyprus",35.001671,33.891427,22,Nets,3,Nets,iSea
Pterois miles,Cyprus,2018,Liberty and Nemesis III wrecks,35.002961,34.064956,,,7,Underwater photography with Scuba Dive,iSea
Pterois miles,Turkey,2018,Çiftlik Beach,36.71588,28.237316,2,Underwater caves and rock slits,4,Underwater Photography with Free Dive,iSea
Pterois miles,Turkey,2018,Ak Tur,36.754168,27.891891,1,Underwater caves and rock slits,1,Underwater Photography with Free Dive,iSea
Pterois miles,Italy,2018,Ionian Sea,36.794,15.102,,,1,Underwater observation (without photo),ISPRA alert campaign
Pterois miles,Libya,2018,Wadi AL-Klag ,31.817444,25.054444,27,,,snorkel dives ,"Al Mabruk & Rizgalla, 2019"
Pterois miles,Libya,2018, Karsa,32.851639,22.431333,8,,,snorkel dives ,"Al Mabruk & Rizgalla, 2019"
Pterois miles,Greece,2018,"Kriti: Agios Onoufrios, Chania",35.57839,24.07506,10,,,,ELNAIS
Pterois miles,Greece,2018,Kriti: Kato Zakros,35.097904,26.264428,,,1,,ELNAIS
Pterois miles,Greece,2018,Kriti: Kato Zakros,35.097904,26.264428,,,4,,ELNAIS
Pterois miles,Greece,2018,Lakonikos: Gytheio,36.72972,22.585061,,,,,"Research project, HCMR"
Pterois miles,Greece,2018,Paros: Alikes,36.993739,25.134371,,,,,"Research project, HCMR"
Pterois miles,Greece,2018,Messiniakos : Mani,36.866966,22.247117,15,,1,,https://eforigi.com.gr/news/perivallon/item/4027-liontaropsaro-sti-messiniaki-mani-eftase-o-neos-apeilitikos-thalassios-eisvoleas?fbclid=IwAR0LD-ylPJJI_eqTY-5Tu-Dgww6V5WWM41PR6N4P1dvAUFKetCoNIsTY3mU
Pterois miles,Greece,2018,Karpathos: Port of Pigadia,35.51095,27.210866,6,Underwater caves and rock slits,1,Underwater photography with Scuba Dive,iSea
Pterois miles,Greece,2018,Karpathos: Pigadia,35.51684,27.200635,23,Rocky,2,Underwater Photography with Free Dive,iSea
Pterois miles,Greece,2018,Amorgos,36.860414,25.874432,,Rocky,1,Underwater Photography with Free Dive,iSea
Pterois miles,Greece,2018,Astypalaia,36.589541,26.332639,,Rocky,1,Instagram browsing,iSea
Pterois miles,Greece,2018,Kriti,35.24688,23.807703,3.5,,10,,iSea
Pterois miles,Greece,2018,Kriti: Koudouma,34.937739,25.085902,27,,5,Spear-fishing,iSea
Pterois miles,Greece,2018,Kriti: Hania,35.236693,23.720677,10,Rocky,5,Underwater Photography with Free Dive,iSea
Pterois miles,Greece,2018,Kriti,35.18159,24.399713,10,,1,,iSea
Pterois miles,Greece,2018,Kriti,35.093248,24.63193,3,Rocky,1,,iSea
Pterois miles,Greece,2018,Kriti,34.925839,24.960506,11,Rocky,1,,iSea
Pterois miles,Greece,2018,Kriti,34.971863,25.272479,7,Rocky,1,,iSea
Pterois miles,Greece,2018,"Kriti: Ferma, Ierapetra",35.016917,25.862483,10,Rocky,1,Underwater Photography with Free Dive,iSea
Pterois miles,Greece,2018,Kriti:Karavos,35.172224,24.400331,8,Underwater caves and rock slits,2,Underwater photography with Scuba Dive,iSea
Pterois miles,Greece,2018,Astypalaia: Kaminakia,36.519361,26.304166,3,Rocky,1,Underwater Photography with Free Dive,iSea
Pterois miles,Greece,2018,"Kriti: Damnoni, Rethymno",35.17418,24.412008,10,Underwater caves and rock slits,1,Underwater photography with Scuba Dive,iSea
Pterois miles,Greece,2018,Kriti: Gialiskari beach,35.236518,23.718249,9,Rocky,1,Underwater Photography with Free Dive,iSea
Pterois miles,Greece,2018,Dodecanese islands,36.214977,28.152367,10,,1,,iSea
Pterois miles,Greece,2018,Dodecanese islands,36.895106,27.293235,10,??t applicable,1,,iSea
Pterois miles,Greece,2018,Dodecanese islands,36.807974,27.173725,5,Rocky,1,,iSea
Pterois miles,Greece,2018,Dodecanese islands,35.800357,27.17067,10,Underwater caves and rock slits,1,,iSea
Pterois miles,Greece,2018,Kriti: Maridaki,34.971769,25.272457,7,Rocky,1,Spear-fishing,iSea
Pterois miles,Greece,2018,"Kriti: Karavos-Kalypso Beach, Plakias, Lyviko, Rethymno",35.172233,24.400549,8,Rocky,1,Underwater Photography with Free Dive,iSea
Pterois miles,Greece,2018,"Dodecanese, Chalki",36.223363,27.61403,9,Underwater caves and rock slits,2,Underwater photography with Scuba Dive,iSea
Pterois miles,Greece,2018,Kriti: Kavouropetra,35.237176,23.652163,6,Underwater caves and rock slits,1,Underwater photography with Scuba Dive,iSea
Pterois miles,Greece,2018,Kriti,35.098366,26.263939,15,Rocky,4,,iSea
Pterois miles,Greece,2018,Kriti: Kaloi Limenes,34.932535,24.806407,9,Rocky,1,Underwater Photography with Free Dive,iSea
Pterois miles,Greece,2018,Kalymnos: Vlyxadia,36.926417,26.969222,18,,1,Underwater photography with Scuba Dive,iSea
Pterois miles,Greece,2018,Kriti,35.541413,24.034543,,Rocky,2,,iSea
Pterois miles,Greece,2018,Kriti,34.949701,25.175406,10,Rocky,1,,iSea
Pterois miles,Greece,2018,Dodecanese islands,36.895732,27.293818,13,Rocky,1,,iSea
Pterois miles,Greece,2018,East Kriti,35.216585,26.274399,5,Rocky,4,Underwater Photography with Free Dive,iSea
Pterois miles,Greece,2018,"Kriti: Kontoura, Palaioxora",35.232315,23.620765,,Rocky,1,Spear-fishing,iSea
Pterois miles,Greece,2018,Rodos: Gennadi,36.019235,27.929591,,,1,Spear-fishing,iSea
Pterois miles,Greece,2018,Kriti: Vai beach,35.254529,26.265237,2,Rocky,2,Underwater Photography with Free Dive,iSea
Pterois miles,Greece,2018,"Kriti: Korakas beach, Rethymno",35.186807,24.315854,6.5,Rocky,1,Spear-fishing,iSea
Pterois miles,Greece,2018,Kriti,35.187165,24.31574,6.5,Sandy,6,,iSea
Pterois miles,Greece,2018,Dodecanese islands,36.090213,28.092006,10,,1,,iSea
Pterois miles,Greece,2018,Dodecanese islands,35.926981,27.856422,10,,1,,iSea
Pterois miles,Greece,2018,Dodecanese islands,36.455633,28.224049,10,,1,,iSea
Pterois miles,Greece,2018,Dodecanese islands,35.881629,27.773085,20,Sandy,3,,iSea
Pterois miles,Greece,2018,Leros: Belefouti,37.190638,26.81632,16,Underwater caves and rock slits,1,,iSea
Pterois miles,Greece,2018,"Dodecanese, Chalki",36.222678,27.612469,7,Rocky,3,Underwater photography with Scuba Dive,iSea
Pterois miles,Greece,2018,Kriti: Paleohora,35.231278,23.678276,6.5,Rocky,1,Underwater photography with Scuba Dive,iSea
Pterois miles,Greece,2018,Kriti: Chania,35.51695,24.02537,,Rocky,1,Underwater Photography with Free Dive,iSea
Pterois miles,Greece,2018,Rodos: Lindos,36.426329,28.233418,20,Rocky,1,Underwater Photography with Free Dive,iSea
Pterois miles,Greece,2018,Karpathos: Pigadia,35.510092,27.207685,,Rocky,1,Underwater Photography with Free Dive,iSea
Pterois miles,Greece,2018,Dodecanese islands,35.589671,27.179279,3.5,,5,,iSea
Pterois miles,Greece,2018,Kriti: ????? ,35.220977,23.672292,12,Rocky,1,Underwater Photography with Free Dive,iSea
Pterois miles,Greece,2018,Dodecanese islands,35.587835,27.1788,3,Rocky,5,,iSea
Pterois miles,Greece,2018,Dodecanese islands,36.566352,27.863772,3,Rocky,2,,iSea
Pterois miles,Greece,2018,Dodecanese islands,36.58427,27.864019,3,Rocky,1,,iSea
Pterois miles,Greece,2018,"Kriti: Damnoni Bay Plakias,  South Kriti",35.18159,24.399713,24,Rocky,3,Underwater Photography with Free Dive,iSea
Pterois miles,Greece,2018,Rodos: Pefkoi,36.072903,28.038043,6,,1,Spear-fishing,iSea
Pterois miles,Greece,2018,Kriti: Agios Nikolaos,35.194682,25.717282,,Rocky,1,Underwater Photography with Free Dive,iSea
Pterois miles,Greece,2018,Ikaria: Trapalo,37.514528,26.057556,25,NA,1,diving,Kalapotharakos Stratos
Pterois miles,Greece,2018,Kythira isl.,36.257694,22.914722,27,,1,trammel nets,"Mitsou & Maximiadi in Yokes et al., 2018"
Pterois miles,Greece,2018,Mesiniakos: Hliavorto ,36.864887,22.246224,15,,,,Newspaper
Pterois miles,Greece,2018,Gavdos,34.866092,24.114353,,,,,newspaper ?????
Pterois miles,Greece,2018,South Aegean Sea,34.982384,25.280405,,,1,,Oddfish
Pterois miles,Greece,2018,South Aegean Sea,35.261764,26.265023,,,1,,Oddfish
Pterois miles,Greece,2018,Kriti: Sfakia,35.198747,24.13498,,,2,diving,"Sotiria friligou, pers.com"
Pterois miles,Turkey,2019,South Aegean Sea,36.22327,29.400567,8,,2,snorkelling,Facebook
Pterois miles,Cyprus,2019,"Nemesis Wreck, Protaras",35.04718,34.0465,24,Underwater caves and rock slits,5,Underwater photography with scuba dive,iSea
Pterois miles,Cyprus,2019,Paralimni,35.056536,34.017691,,Rocky,3,Underwater photography with scuba dive,iSea
Pterois miles,Cyprus,2019,Cyprus,35.122218,33.960835,20,Rocky,15,Spear-fishing,iSea
Pterois miles,Italy,2019,Ionian Sea,36.801,15.102,,,1,Underwater observation ,ISPRA alert campaign
Pterois miles,Greece,2019,Ionian Sea,36.454956,22.97832,4,,1,,ELNAIS
Pterois miles,Greece,2019,Port Agios Faulos (South Heraklion) ,34.931733,24.95315,5,rocky coast,10,,ELNAIS
Pterois miles,Greece,2019,Ionion:  Oxias island,38.284,21.095,12,,,,ELNAIS
Pterois miles,Greece,2019,Dodecanese islands: Kasos,35.416992,26.932342,,,1,,ELNAIS
Pterois miles,Greece,2019,SW Elafonisos near Lefki,36.474554,22.971935,4,,1,Gerald Marinitsch ,ELNAIS
Pterois miles,Greece,2019,Lakonikos: Archagelos,36.6283491,22.3179122,,,,,ELNAIS
Pterois miles,Greece,2019,Peloponnesos E: Parapouli,36.913124,23.467433,,,2,,ELNAIS
Pterois miles,Greece,2019,Kriti: Sitia,35.1871681,26.3045418,2,rocky,5,,ELNAIS
Pterois miles,Greece,2019,Sxinousa: Gagavi ,36.857536,25.531228,3,rocky,1,snorkelling,ELNAIS
Pterois miles,Greece,2019,Kriti: Itanos beach,35.264478,26.263907,2,,3,,ELNAIS
Pterois miles,Greece,2019,Kythira: Traxilas,36.132838,22.990012,,,2,,ELNAIS
Pterois miles,Greece,2019,"Lakonikos: Porto Kagio, Mani",36.428568,22.485772,,,1,,ELNAIS
Pterois miles,Greece,2019,Santorini: Mavro Vouno,36.458418,25.405768,,,,gillnets,ELNAIS
Pterois miles,Greece,2019,Mesiniakos: Kardamyli,36.86283056,22.25015556,1,rocky,1,,ELNAIS
Pterois miles,Greece,2019,Kriti: Ierapetra limani,35.008628,25.742168,,,,,ELNAIS
Pterois miles,Greece,2019,Mesiniakos: Vromoneri,37.014456,21.622228,4,,,,ELNAIS
Pterois miles,Greece,2019,Kyparissikos/Almyros,37.257613,21.538588,,,,,TV ERT 3- fisherman
Pterois miles,Greece,2019,Kefalonia: Scala,38.06995,20.803222,7,,,,https://www.kefaloniapress.gr/2019/07/23/to-panemorfo-alla-kai-epikindyno-leontopsaro-stin-kefalonia/
Pterois miles,Greece,2019,Mani Peninsula,36.4862,22.5113,,,,,isea
Pterois miles,Greece,2019,Ionian: Proti Island,37.0431,21.5465,,,,,iSea
Pterois miles,Greece,2019,Kefalonia Island,38.0731,20.8014,,,,,isea
Pterois miles,Greece,2019,Ionian Sea,36.655178,22.81716,,,1,,iSea
Pterois miles,Greece,2019,Dodecanese islands,36.876667,27.350304,16,Rocky,1,,iSea
Pterois miles,Greece,2019,Cyclades islands,36.353263,25.373123,,Rocky,1,,iSea
Pterois miles,Greece,2019,Ionian Sea,38.073062,20.801371,12,Rocky,1,,iSea
Pterois miles,Greece,2019,Ionian Sea,36.540627,22.390963,,Rocky,2,,iSea
Pterois miles,Greece,2019,Cyclades islands,36.657645,25.123124,,Rocky,1,,iSea
Pterois miles,Greece,2019,Dodecanese islands,35.527159,27.103701,20,Rocky,10,,iSea
Pterois miles,Greece,2019,Kriti,35.594324,24.087468,22,Seaweed beds and patches,1,,iSea
Pterois miles,Greece,2019,Ionian Sea,36.687078,22.837481,5,Rocky,1,,iSea
Pterois miles,Greece,2019,Kriti,35.237547,23.660462,4,Rocky,5,,iSea
Pterois miles,Greece,2019,Ionian Sea,36.486163,22.511302,5,Rocky,1,,iSea
Pterois miles,Greece,2019,Dodecanese islands,35.557781,27.213116,,Rocky,1,,iSea
Pterois miles,Greece,2019,Dodecanese islands,35.958297,27.888983,2,,1,,iSea
Pterois miles,Greece,2019,Dodecanese islands,36.668467,27.11795,,Rocky,2,,iSea
Pterois miles,Greece,2019,Cyclades islands,36.363195,25.396887,,Rocky,1,,iSea
Pterois miles,Greece,2019,Kriti,35.247669,23.811093,,Rocky,1,,iSea
Pterois miles,Greece,2019,Dodecanese islands,36.380227,28.239639,,,1,,iSea
Pterois miles,Greece,2019,Dodecanese islands,36.437678,28.201153,15,,8,,iSea
Pterois miles,Greece,2019,Cyclades islands,36.773354,24.580729,14,Rocky,3,,iSea
Pterois miles,Greece,2019,Cyclades islands,36.774817,24.582722,12,Rocky,3,,iSea
Pterois miles,Greece,2019,North Aegean Islands,37.780715,26.894102,,Rocky,1,,iSea
Pterois miles,Greece,2019,Ionian Sea,36.862111,22.249439,6,,1,,iSea
Pterois miles,Greece,2019,Ionian Sea,39.741207,19.938717,,Rocky,1,,iSea
Pterois miles,Greece,2019,Dodecanese islands,36.045702,27.955457,3,,1,,iSea
Pterois miles,Greece,2019,Ionian Sea,36.462491,22.43427,5,,1,,iSea
Pterois miles,Greece,2019,Ionian Sea,36.463354,22.424111,2.5,Rocky,1,,iSea
Pterois miles,Greece,2019,Dodecanese islands,36.045338,27.955907,,,3,,iSea
Pterois miles,Greece,2019,Dodecanese islands,36.332899,28.209606,1,,1,,iSea
Pterois miles,Greece,2019,Ionian Sea,36.803912,22.622282,,,1,,iSea
Pterois miles,Greece,2019,Kriti,35.230609,23.674042,11,Rocky,5,,iSea
Pterois miles,Greece,2019,Kriti,35.231472,23.675501,7,Rocky,2,,iSea
Pterois miles,Greece,2019,Ionian Sea,37.658634,20.804318,,Rocky,1,,iSea
Pterois miles,Greece,2019,Ionian Sea,36.517128,22.986805,,,1,,iSea
Pterois miles,Greece,2019,Ionian Sea,37.653304,20.807333,7,Rocky,2,,iSea
Pterois miles,Greece,2019,Ionian Sea,38.487569,20.802001,7,,1,,iSea
Pterois miles,Greece,2019,Dodecanese islands,35.558051,27.20487,30,Rocky,1,,iSea
Pterois miles,Greece,2019,Cyclades islands,36.767465,24.612798,22,Rocky,1,,iSea
Pterois miles,Greece,2019,Kriti,35.416659,25.020025,12,Rocky,3,,iSea
Pterois miles,Greece,2019,Ionian Sea,36.879868,22.233608,17,Rocky,1,,iSea
Pterois miles,Greece,2019,Ionian Sea,36.879868,22.233608,8,Rocky,1,,iSea
Pterois miles,Greece,2019,Kriti,34.847749,24.117579,2,Rocky,1,,iSea
Pterois miles,Greece,2019,Kriti,35.127871,25.744351,3,,1,,iSea
Pterois miles,Greece,2019,Ionian Sea,37.653595,20.85902,5,Rocky,12,,NMPZ alert system 
Pterois miles,Greece,2019,Ionian Sea,37.8860463,20.7241151,7,,2,,NMPZ alert system 
Pterois miles,Greece,2019,Ionian Sea,37.908555,20.712123,5,Rocky,1,,NMPZ alert system 
Pterois miles,Greece,2019,Zakynthos MPA,37.720047,20.953352,,,,recreational divers ,NMPZ alert system 
Pterois miles,Greece,2019,Ionian Sea,37.88405,20.723433,15,Rocky,1,,NMPZ alert system 
Pterois miles,Greece,2019,South Aegean Sea,35.512073,27.22307,,,1,,Oddfish
Pterois miles,Greece,2019,South Aegean Sea,35.094784,26.267275,,,1,,Oddfish
Pterois miles,Greece,2019,Ionian Sea,35.26654,23.547091,,,1,,Oddfish
Pterois miles,Greece,2019,South Aegean Sea,36.319793,28.206491,,,1,,Oddfish
Pterois miles,Greece,2019,Ionian Sea,37.050883,21.556289,,,1,,Oddfish
Pterois miles,Greece,2019,Santorini: Fanari,36.454592,25.404145,45,,2,gillnets,Research project
Pterois miles,Greece,2019,Ionian Sea,36.681357,22.844878,4,,2,,Reporting to Scientists
Pterois miles,Greece,2019,Ionian Sea,38.589213,20.887964,5,Rocky,1,,Scientific survey
Pterois miles,Greece,2019,Kefalonia Island,38.27,20.6828,14,,1,,"Vavasis, et al., 2019"
Pterois miles,Greece,2019,Strofodia Island MPA,37.248279,21.006927,5,rocky bottom,1,Free diving,NMPZ alert system 
Pterois miles,Greece,2019,Strofodia Island MPA,37.251697,21.018431,3,rocky bottom,1,Free diving,NMPZ alert system 
Pterois miles,Cyprus,2019,Cyprus-Xilofagou,34.959188,33.898187,,,1,Underwater Photography with Free Dive,iSea
Pterois miles,Cyprus,2019,Cyprus,34.965105,33.692888,10,,1,Underwater Photography with Free Dive,iSea
